{
    "name": "V1",
    "description": "§4§lMANKIND IS DEAD       BLOOD IS FUEL       HELL IS FULL",
    "powers": [
        "ultra:rapid",
        "ultra:wallhop",
        "ultra:slide",
        "ultra:dash",
        "ultra:groundslam",
        "ultra:whiplash",
        "ultra:parry",
        "ultra:packapunch",
        "ultra:coin",
        "ultra:clock",
        "ultra:gunman",
        "ultra:speedfreak",
        "ultra:wingedpocket",
        "ultra:bloodthirsty",
        "ultra:mechanical",
        "ultra:heart",
        "ultra:noriptide",
        "ultra:definc",
        "ultra:fire",
        "ultra:nofall",
        "ultra:fast",
        "ultra:jump",
        "ultra:climbfaster",
        "ultra:nopearls",
        "ultra:noelytra",
        "ultra:noeffects",
        "ultra:nosleep",
        "ultra:nokb",
        "ultra:whiplash2",
        "ultra:nostill",
        "ultra:tag",
        "ultra:stamina",
        "ultra:regain",
        "ultra:shotgun",
        "ultra:nailgun",
        "ultra:harddamage",
        "ultra:gildedcurse",
        "ultra:credits"
    ],
    "icon": "minecraft:crossbow",
    "order": 99,
    "impact": 3
}