{
    "name": "§e§nBloodthirsty",
    "description": "You cannot eat any normal foods and instead regain hunger by killing enemies. When you hit an enemy, it will cause a blood splatter, if you are close to the blood splatter (3 blocks) you will regain health. Killing an enemy will give much more health than hitting one.",
    "type": "origins:multiple",
    "feed": {
        "type": "origins:self_action_on_kill",
        "entity_action": {
            "type": "origins:and",
            "actions": [
                {
                    "type": "origins:heal",
                    "amount": 4.5
                },
                {
                    "type": "origins:feed",
                    "food": 5,
                    "saturation": 0.25
                },
                {
                    "type": "origins:change_resource",
                    "resource": "ultra:harddamage_amount",
                    "change": 2,
                    "operation": "add"
                }
            ]
        },
        "cooldown": 10,
        "hud_render": {
            "should_render": false
        }
    },
    "prevent": {
        "name": "Bloodthirsty",
        "type": "origins:prevent_item_use",
        "item_condition": {
            "type": "origins:food"
        }
    },
    "preventcake": {
        "type": "origins:prevent_block_use",
        "block_condition": {
          "type": "origins:block",
          "block": "minecraft:cake"
        }
    },
    "particle": {
        "type": "origins:target_action_on_hit",
        "target_condition": {
            "type": "origins:and",
            "conditions": [
                {
                    "inverted": true,
                    "type": "origins:nbt",
                    "nbt": "{Tags: ['cointeleport']}"
                },
                {
                    "type": "origins:living"
                }
            ]
        },
        "entity_action": {
            "type": "origins:and",
            "actions": [
                {
                    "type": "origins:spawn_particles",
                    "particle": {
                        "type": "minecraft:block",
                        "params": "minecraft:redstone_block"
                    },
                    "count": 40,
                    "speed": 0,
                    "force": true,
                    "spread": {
                        "x": 1,
                        "y": 0.5,
                        "z": 1
                    }
                },
                {
                    "type": "origins:area_of_effect",
                    "radius": 3,
                    "bientity_condition": {
                        "type": "origins:target_condition",
                        "condition": {
                            "type": "origins:and",
                            "conditions": [
                                {
                                    "type": "origins:nbt",
                                    "nbt": "{Tags: ['v1']}"
                                },
                                {
                                    "type": "origins:entity_type",
                                    "entity_type": "minecraft:player"
                                }
                            ]
                        }
                    },
                    "bientity_action": {
                        "type": "origins:target_action",
                        "action": {
                            "type": "origins:heal",
                            "amount": 1
                        }
                    }
                }
            ]
        },
        "cooldown": 20
    },
    "bloodupgrade": {
        "type": "origins:self_action_on_hit",
        "entity_action": {
            "type": "origins:heal",
            "amount": 1
        },
        "condition": {
            "type": "origins:resource",
            "resource": "ultra:wingedpocket_dragonbreath",
            "comparison": "==",
            "compare_to": 1
        }
    }
}