{
    "name": "§2§nDash",
    "description": "While airborne, press your sneak button to dash.",
    "type": "origins:active_self",
    "entity_action": {
        "type": "origins:and",
        "actions": [
            {
                "type": "origins:add_velocity",
                "z": 1,
                "y": 0,
                "space": "local_horizontal_normalized",
                "set": true
            },
            {
                "type": "origins:execute_command",
                "command": "playsound minecraft:item.trident.throw master @s ~ ~ ~ 0.5 0.5"
            },
            {
                "type": "origins:change_resource",
                "resource": "ultra:stamina",
                "change": -50
            }
        ]
    },
    "condition": {
        "type": "origins:and",
        "conditions": [
            {
                "type": "origins:on_block",
                "inverted": true
            },
            {
                "type": "origins:resource",
                "resource": "ultra:stamina",
                "comparison": ">=",
                "compare_to": 50
            }
        ]
    },
    "hud_render": {
        "should_render": false
    },
    "key": {
        "key": "key.sneak",
        "continuous": false
    }
}