{
    "name": "§4§nGilded Curse",
    "description": "You take slightly more damage from golden swords due to the wrath of the angels against you.",
    "type": "origins:modify_damage_taken",
    "damage_condition": {
        "type": "origins:attacker",
        "entity_condition": {
            "type": "origins:equipped_item",
            "equipment_slot": "mainhand",
            "item_condition": {
                "type": "origins:ingredient",
                "ingredient": {
                    "item": "minecraft:golden_sword"
                }
            }
        }
    },
    "modifier": {
        "operation": "add_base_early",
        "value": 0.00000000000000000000001
    }
}