{
    "name": "§e§nMechanical",
    "description": "You cannot use any form of mobility besides walking, running or abilities. You are completely resistant to all knockback except explosive, you take less damage from explosions, cannot ride any entity, cannot use ender pearls and cannot use totems. Because of your mechanical nature, you also do not feel the effects of any potions or gapples because you are not organic. You also cannot sleep.",
    "type": "origins:multiple",
    "ride": {
        "type": "origins:prevent_entity_use",
        "bientity_condition": {
            "type": "origins:target_condition",
            "condition": {
                "type": "origins:or",
                "conditions": [
                    {
                        "type": "origins:entity_type",
                        "entity_type": "minecraft:horse"
                    },
                    {
                        "type": "origins:entity_type",
                        "entity_type": "minecraft:pig"
                    },
                    {
                        "type": "origins:entity_type",
                        "entity_type": "minecraft:strider"
                    },
                    {
                        "type": "origins:entity_type",
                        "entity_type": "minecraft:minecart"
                    },
                    {
                        "type": "origins:entity_type",
                        "entity_type": "minecraft:skeleton_horse"
                    },
                    {
                        "type": "origins:entity_type",
                        "entity_type": "minecraft:camel"
                    },
                    {
                        "type": "origins:entity_type",
                        "entity_type": "minecraft:mule"
                    },
                    {
                        "type": "origins:entity_type",
                        "entity_type": "minecraft:boat"
                    },
                    {
                        "type": "origins:entity_type",
                        "entity_type": "minecraft:chest_boat"
                    }
                ]
            }
        }
    },
    "totem": {
        "type": "origins:action_over_time",
        "entity_action": {
            "type": "origins:if_else",
            "condition": {
                "type": "origins:equipped_item",
                "equipment_slot": "mainhand",
                "item_condition": {
                    "type": "origins:ingredient",
                    "ingredient": {
                        "item": "minecraft:totem_of_undying"
                    }
                }
            },
            "if_action": {
                "type": "origins:drop_inventory",
                "slots": [
                    "weapon.mainhand"
                ]
            },
            "else_action": {
                "type": "origins:drop_inventory",
                "slots": [
                    "weapon.offhand"
                ]
            }
        },
        "interval": 1,
        "condition": {
            "type": "origins:or",
            "conditions": [
                {
                    "type": "origins:equipped_item",
                    "equipment_slot": "mainhand",
                    "item_condition": {
                        "type": "origins:ingredient",
                        "ingredient": {
                            "item": "minecraft:totem_of_undying"
                        }
                    }
                },
                {
                    "type": "origins:equipped_item",
                    "equipment_slot": "offhand",
                    "item_condition": {
                        "type": "origins:ingredient",
                        "ingredient": {
                            "item": "minecraft:totem_of_undying"
                        }
                    }
                }
            ]
        }
    },
    "explosion": {
        "type": "origins:self_action_when_hit",
        "entity_action": {
            "type": "origins:add_velocity",
            "y": 1,
            "z": -2,
            "space": "local_horizontal_normalized"
        },
        "damage_condition": {
            "type": "origins:in_tag",
            "tag": "minecraft:is_explosion"
        }
    },
    "explosiondamage": {
        "type": "origins:modify_damage_taken",
        "damage_condition": {
            "type": "origins:in_tag",
            "tag": "minecraft:is_explosion"
        },
        "modifier": {
            "name": "Weak to cursed items",
            "operation": "addition",
            "value": -5
        }
    }
}