{
    "name": "§4§nWater-resistant",
    "description": "You are too heavy and cannot swim, but you are are made so you cannot drown. However, because of your mechanical nature, riptide tridents do not recognise you as potential user, and as such cannot be used.",
    "type": "origins:multiple",
    "noriptide": {
        "name": "Water-resistant",
        "type": "origins:prevent_item_use",
        "item_condition": {
            "type": "origins:and",
            "conditions": [
                {
                    "type": "origins:ingredient",
                    "ingredient": {
                        "item": "minecraft:trident"
                    }
                },
                {
                    "type": "origins:enchantment",
                    "enchantment": "minecraft:riptide"
                }
            ]
        }
    },
    "ingore_water": {
        "type": "origins:ignore_water",
        "condition": {
            "type": "origins:or",
            "conditions": [
                {
                    "type": "origins:in_block",
                    "block_condition": {
                        "type": "origins:block",
                        "block": "minecraft:water"
                    }
                },
                {
                    "type": "origins:in_block",
                    "block_condition": {
                        "type": "origins:block",
                        "block": "minecraft:kelp_plant"
                    }
                },
                {
                    "type": "origins:in_block",
                    "block_condition": {
                        "type": "origins:block",
                        "block": "minecraft:seagrass"
                    }
                },
                {
                    "type": "origins:in_block",
                    "block_condition": {
                        "type": "origins:in_tag",
                        "tag": "minecraft:corals"
                    }
                },
                {
                    "type": "origins:in_block",
                    "block_condition": {
                        "type": "origins:block",
                        "block": "minecraft:sea_pickle"
                    }
                },
                {
                    "type": "origins:in_block",
                    "block_condition": {
                        "type": "origins:block",
                        "block": "minecraft:tall_seagrass"
                    }
                },
                {
                    "type": "origins:block_collision",
                    "block_condition": {
                        "type": "origins:block",
                        "block": "minecraft:water"
                    },
                    "offset_x": 0.1,
                    "offset_z": 0.1
                },
                {
                    "type": "origins:block_collision",
                    "block_condition": {
                        "type": "origins:block",
                        "block": "minecraft:water"
                    },
                    "offset_x": -0.1,
                    "offset_z": -0.1
                },
                {
                    "type": "origins:block_collision",
                    "block_condition": {
                        "type": "origins:block",
                        "block": "minecraft:kelp_plant"
                    },
                    "offset_x": 0.1,
                    "offset_z": 0.1
                },
                {
                    "type": "origins:block_collision",
                    "block_condition": {
                        "type": "origins:block",
                        "block": "minecraft:kelp_plant"
                    },
                    "offset_x": -0.1,
                    "offset_z": -0.1
                }
            ]
        }
    },
    "breath": {
        "type": "origins:action_over_time",
        "entity_action": {
            "type": "origins:gain_air",
            "value": 50
        },
        "interval": 1
    }
}