{
    "hidden": true,
    "type": "origins:modify_damage_dealt",
    "condition": {
        "type": "origins:and",
        "conditions": [
            {
                "type": "origins:moving",
                "inverted": true
            },
            {
                "type": "origins:equipped_item",
                "equipment_slot": "mainhand",
                "item_condition": {
                    "type": "origins:empty",
                    "inverted": true
                }
            }
        ]
    },
    "modifier": {
        "name": "Less damage when staying still",
        "operation": "addition",
        "value": -1.5
    }
}