{
    "name": "§2§nKnuckleblaster",
    "description": "When you punch an entity with your bare hands, the entity you punched will take more knockback and damage than usual. This has a cooldown of about 2 seconds. This also has a 50/50 chance to drop the opponent's shield if they are holding one.",
    "type": "origins:multiple",
    "packapunch": {
        "type": "origins:action_on_hit",
        "bientity_action": {
            "type": "origins:and",
            "actions": [
                {
                    "type": "origins:add_velocity",
                    "z": 0.2,
                    "y": 0.1,
                    "space": "local_horizontal_normalized"
                },
                {
                    "type": "origins:damage",
                    "amount": 1,
                    "damage_type": "minecraft:cactus"
                }
            ]
        },
        "condition": {
            "type": "origins:and",
            "conditions": [
                {
                    "type": "origins:equipped_item",
                    "equipment_slot": "mainhand",
                    "item_condition": {
                        "type": "origins:empty"
                    }
                }
            ]
        },
        "cooldown": 25,
        "hud_render": {
            "should_render": false
        }
    },
    "packapunch2": {
        "type": "origins:action_on_hit",
        "bientity_action": {
            "type": "origins:and",
            "actions": [
                {
                    "type": "origins:add_velocity",
                    "z": 0.1,
                    "y": 0.05,
                    "space": "local_horizontal_normalized"
                },
                {
                    "type": "origins:damage",
                    "amount": 4,
                    "damage_type": "minecraft:magic"
                }
            ]
        },
        "condition": {
            "type": "origins:and",
            "conditions": [
                {
                    "type": "origins:equipped_item",
                    "equipment_slot": "mainhand",
                    "item_condition": {
                        "type": "origins:empty"
                    }
                },
                {
                    "type": "origins:resource",
                    "resource": "ultra:wingedpocket_upgrade1",
                    "comparison": "==",
                    "compare_to": 1
                },
                {
                    "type": "origins:resource",
                    "resource": "ultra:wingedpocket_upgrade2",
                    "comparison": "==",
                    "compare_to": 0
                },
                {
                    "type": "origins:resource",
                    "resource": "ultra:wingedpocket_upgrade3",
                    "comparison": "==",
                    "compare_to": 0
                },
                {
                    "type": "origins:resource",
                    "resource": "ultra:wingedpocket_upgrade4",
                    "comparison": "==",
                    "compare_to": 0
                }
            ]
        },
        "cooldown": 25,
        "hud_render": {
            "should_render": false
        }
    },
    "packapunch3": {
        "type": "origins:action_on_hit",
        "bientity_action": {
            "type": "origins:and",
            "actions": [
                {
                    "type": "origins:add_velocity",
                    "z": 0.3,
                    "y": 0.1,
                    "space": "local_horizontal_normalized"
                },
                {
                    "type": "origins:damage",
                    "amount": 4,
                    "damage_type": "minecraft:magic"
                }
            ]
        },
        "condition": {
            "type": "origins:and",
            "conditions": [
                {
                    "type": "origins:equipped_item",
                    "equipment_slot": "mainhand",
                    "item_condition": {
                        "type": "origins:empty"
                    }
                },
                {
                    "type": "origins:resource",
                    "resource": "ultra:wingedpocket_upgrade2",
                    "comparison": "==",
                    "compare_to": 1
                },
                {
                    "type": "origins:resource",
                    "resource": "ultra:wingedpocket_upgrade1",
                    "comparison": "==",
                    "compare_to": 0
                },
                {
                    "type": "origins:resource",
                    "resource": "ultra:wingedpocket_upgrade3",
                    "comparison": "==",
                    "compare_to": 0
                },
                {
                    "type": "origins:resource",
                    "resource": "ultra:wingedpocket_upgrade4",
                    "comparison": "==",
                    "compare_to": 0
                }
            ]
        },
        "cooldown": 25,
        "hud_render": {
            "should_render": false
        }
    },
    "packapunch4": {
        "type": "origins:action_on_hit",
        "bientity_action": {
            "type": "origins:and",
            "actions": [
                {
                    "type": "origins:add_velocity",
                    "z": 0.1,
                    "y": 0.05,
                    "space": "local_horizontal_normalized"
                },
                {
                    "type": "origins:damage",
                    "amount": 6,
                    "damage_type": "minecraft:magic"
                }
            ]
        },
        "condition": {
            "type": "origins:and",
            "conditions": [
                {
                    "type": "origins:equipped_item",
                    "equipment_slot": "mainhand",
                    "item_condition": {
                        "type": "origins:empty"
                    }
                },
                {
                    "type": "origins:resource",
                    "resource": "ultra:wingedpocket_upgrade3",
                    "comparison": "==",
                    "compare_to": 1
                },
                {
                    "type": "origins:resource",
                    "resource": "ultra:wingedpocket_upgrade1",
                    "comparison": "==",
                    "compare_to": 0
                },
                {
                    "type": "origins:resource",
                    "resource": "ultra:wingedpocket_upgrade2",
                    "comparison": "==",
                    "compare_to": 0
                },
                {
                    "type": "origins:resource",
                    "resource": "ultra:wingedpocket_upgrade4",
                    "comparison": "==",
                    "compare_to": 0
                }
            ]
        },
        "cooldown": 25,
        "hud_render": {
            "should_render": false
        }
    },
    "packapunch5": {
        "type": "origins:action_on_hit",
        "bientity_action": {
            "type": "origins:and",
            "actions": [
                {
                    "type": "origins:add_velocity",
                    "z": 0.1,
                    "y": 0.05,
                    "space": "local_horizontal_normalized"
                },
                {
                    "type": "origins:damage",
                    "amount": 7,
                    "damage_type": "minecraft:magic"
                }
            ]
        },
        "condition": {
            "type": "origins:and",
            "conditions": [
                {
                    "type": "origins:equipped_item",
                    "equipment_slot": "mainhand",
                    "item_condition": {
                        "type": "origins:empty"
                    }
                },
                {
                    "type": "origins:resource",
                    "resource": "ultra:wingedpocket_upgrade4",
                    "comparison": "==",
                    "compare_to": 1
                },
                {
                    "type": "origins:resource",
                    "resource": "ultra:wingedpocket_upgrade1",
                    "comparison": "==",
                    "compare_to": 0
                },
                {
                    "type": "origins:resource",
                    "resource": "ultra:wingedpocket_upgrade2",
                    "comparison": "==",
                    "compare_to": 0
                },
                {
                    "type": "origins:resource",
                    "resource": "ultra:wingedpocket_upgrade3",
                    "comparison": "==",
                    "compare_to": 0
                }
            ]
        },
        "cooldown": 25,
        "hud_render": {
            "should_render": false
        }
    },
    "packapunchbreak": {
        "type": "origins:target_action_on_hit",
        "entity_action": {
            "type": "origins:chance",
            "action": {
                "type": "origins:drop_inventory",
                "inventory_type": "inventory",
                "item_condition": {
                    "type": "origins:ingredient",
                    "ingredient": {
                        "item": "minecraft:shield"
                    }
                },
                "slot": "weapon.mainhand",
                "retain_ownership": true
            },
            "chance": 0.5
        },
        "condition": {
            "type": "origins:and",
            "conditions": [
                {
                    "type": "origins:equipped_item",
                    "equipment_slot": "mainhand",
                    "item_condition": {
                        "type": "origins:empty"
                    }
                }
            ]
        },
        "damage_condition": {
            "type": "origins:type",
            "damage_type": "minecraft:player_attack"
        },
        "cooldown": 10,
        "hud_render": {
            "should_render": false,
            "bar_index": 5
        }
    },
    "packapunchbreak2": {
        "type": "origins:target_action_on_hit",
        "entity_action": {
            "type": "origins:chance",
            "action": {
                "type": "origins:drop_inventory",
                "inventory_type": "inventory",
                "item_condition": {
                    "type": "origins:ingredient",
                    "ingredient": {
                        "item": "minecraft:shield"
                    }
                },
                "slot": "weapon.offhand",
                "retain_ownership": true
            },
            "chance": 0.5
        },
        "condition": {
            "type": "origins:and",
            "conditions": [
                {
                    "type": "origins:equipped_item",
                    "equipment_slot": "mainhand",
                    "item_condition": {
                        "type": "origins:empty"
                    }
                }
            ]
        },
        "damage_condition": {
            "type": "origins:type",
            "damage_type": "minecraft:player_attack"
        },
        "cooldown": 10,
        "hud_render": {
            "should_render": false,
            "bar_index": 5
        }
    }
}