{
    "name": "§2§nParry",
    "description": "You can parry attacks/projectiles if timed correctly. Incoming projectiles will have an indicator to know when you can parry.",
    "type": "origins:multiple",
    "can": {
        "type": "origins:resource",
        "min": 0,
        "max": 1,
        "start_value": 0,
        "hud_render": {
            "should_render": false
        }
    },
    "boostarrow": {
        "type": "origins:active_self",
        "entity_action": {
            "type": "origins:and",
            "actions": [
                {
                    "type": "origins:change_resource",
                    "resource": "*:*_can",
                    "change": 1,
                    "operation": "add"
                },
                {
                    "type": "origins:swing_hand",
                    "hand": "OFF_HAND"
                },
                {
                    "type": "origins:delay",
                    "action": {
                        "type": "origins:change_resource",
                        "resource": "*:*_can",
                        "change": -1,
                        "operation": "add"
                    },
                    "ticks": 2
                },
                {
                    "type": "origins:area_of_effect",
                    "radius": 3.6,
                    "bientity_condition": {
                        "type": "origins:target_condition",
                        "condition": {
                            "type": "origins:and",
                            "conditions": [
                                {
                                    "inverted": true,
                                    "type": "origins:living"
                                },
                                {
                                    "type": "origins:nbt",
                                    "nbt": "{inGround:0b,Tags:['proj_parry']}"
                                }
                            ]
                        }
                    },
                    "bientity_action": {
                        "type": "origins:target_action",
                        "action": {
                            "type": "origins:and",
                            "actions": [
                                {
                                    "type": "origins:add_velocity",
                                    "z": 1,
                                    "space": "velocity"
                                },
                                {
                                    "type": "origins:delay",
                                    "action": {
                                        "type": "origins:and",
                                        "actions": [
                                            {
                                                "type": "origins:explode",
                                                "power": 1.5,
                                                "destruction_type": "none",
                                                "damage_self": false,
                                                "create_fire": false
                                            }
                                        ]
                                    },
                                    "ticks": 10
                                },
                                {
                                    "type": "origins:play_sound",
                                    "sound": "minecraft:item.trident.riptide_1",
                                    "volume": 1,
                                    "pitch": 0.5
                                },
                                {
                                    "type": "origins:play_sound",
                                    "sound": "minecraft:entity.player.attack.crit",
                                    "volume": 1,
                                    "pitch": 1.5
                                }
                            ]
                        }
                    }
                }
            ]
        },
        "cooldown": 25,
        "hud_render": {
            "should_render": true,
            "bar_index": 5
        },
        "key": {
            "key": "key.attack"
        }
    },
    "reflect": {
        "type": "origins:active_self",
        "entity_action": {
            "type": "origins:and",
            "actions": [
                {
                    "type": "origins:change_resource",
                    "resource": "*:*_can",
                    "change": 1,
                    "operation": "add"
                },
                {
                    "type": "origins:swing_hand",
                    "hand": "OFF_HAND"
                },
                {
                    "type": "origins:delay",
                    "action": {
                        "type": "origins:change_resource",
                        "resource": "*:*_can",
                        "change": -1,
                        "operation": "add"
                    },
                    "ticks": 3
                },
                {
                    "type": "origins:area_of_effect",
                    "radius": 3,
                    "bientity_condition": {
                        "type": "origins:target_condition",
                        "condition": {
                            "type": "origins:and",
                            "conditions": [
                                {
                                    "inverted": true,
                                    "type": "origins:living"
                                },
                                {
                                    "type": "origins:nbt",
                                    "nbt": "{inGround:0b}"
                                },
                                {
                                    "inverted": true,
                                    "type": "origins:nbt",
                                    "nbt": "{Tags:['proj_parry']}"
                                }
                            ]
                        }
                    },
                    "bientity_action": {
                        "type": "origins:and",
                        "actions": [
                            {
                                "type": "origins:target_action",
                                "action": {
                                    "type": "origins:delay",
                                    "action": {
                                        "type": "origins:if_else",
                                        "condition": {
                                            "inverted": true,
                                            "type": "origins:nbt",
                                            "nbt": "{Tags:['proj_parry']}"
                                        },
                                        "if_action": {
                                            "type": "origins:and",
                                            "actions": [
                                                {
                                                    "type": "origins:add_velocity",
                                                    "x": 0,
                                                    "y": -0.5,
                                                    "z": -4,
                                                    "space": "velocity_horizontal_normalized",
                                                    "set": true
                                                },
                                                {
                                                    "type": "origins:delay",
                                                    "action": {
                                                        "type": "origins:and",
                                                        "actions": [
                                                            {
                                                                "type": "origins:explode",
                                                                "power": 1.5,
                                                                "destruction_type": "none",
                                                                "damage_self": false,
                                                                "create_fire": false
                                                            }
                                                        ]
                                                    },
                                                    "ticks": 10
                                                }
                                            ]
                                        },
                                        "else_action": {
                                            "type": "origins:delay",
                                            "action": {
                                                "type": "origins:and",
                                                "actions": [
                                                    {
                                                        "type": "origins:explode",
                                                        "power": 1.5,
                                                        "destruction_type": "none",
                                                        "damage_self": false,
                                                        "create_fire": false
                                                    }
                                                ]
                                            },
                                            "ticks": 10
                                        }
                                    },
                                    "ticks": 1
                                }
                            },
                            {
                                "type": "origins:target_action",
                                "action": {
                                    "type": "origins:play_sound",
                                    "sound": "minecraft:item.trident.riptide_1",
                                    "volume": 1,
                                    "pitch": 0.5
                                }
                            },
                            {
                                "type": "origins:target_action",
                                "action": {
                                    "type": "origins:play_sound",
                                    "sound": "minecraft:entity.player.attack.crit",
                                    "volume": 1,
                                    "pitch": 1.5
                                }
                            },
                            {
                                "type": "origins:actor_action",
                                "action": {
                                    "type": "origins:change_resource",
                                    "resource": "ultra:harddamage_amount",
                                    "change": 2,
                                    "operation": "add"
                                }
                            },
                            {
                                "type": "origins:actor_action",
                                "action": {
                                    "type": "origins:heal",
                                    "amount": 4
                                }
                            }
                        ]
                    }
                }
            ]
        },
        "cooldown": 25,
        "hud_render": {
            "should_render": false,
            "bar_index": 5
        },
        "key": {
            "key": "key.attack"
        }
    },
    "damagetaken": {
        "condition": {
            "type": "origins:resource",
            "resource": "*:*_can",
            "comparison": "==",
            "compare_to": 1
        },
        "type": "origins:modify_damage_taken",
        "modifier": {
            "operation": "multiply_total",
            "value": -5,
            "name": "parrtytt"
        },
        "self_action": {
            "type": "origins:and",
            "actions": [
                {
                    "type": "origins:play_sound",
                    "sound": "minecraft:item.trident.return",
                    "volume": 1,
                    "pitch": 2
                },
                {
                    "type": "origins:play_sound",
                    "sound": "minecraft:entity.player.attack.crit",
                    "volume": 1,
                    "pitch": 1.5
                }
            ]
        }
    },
    "parryindicator": {
        "type": "origins:action_over_time",
        "entity_action": {
            "type": "origins:area_of_effect",
            "radius": 5,
            "bientity_condition": {
                "type": "origins:target_condition",
                "condition": {
                    "type": "origins:and",
                    "conditions": [
                        {
                            "inverted": true,
                            "type": "origins:living"
                        },
                        {
                            "type": "origins:nbt",
                            "nbt": "{inGround:0b}"
                        }
                    ]
                }
            },
            "bientity_action": {
                "type": "origins:and",
                "actions": [
                    {
                        "type": "origins:target_action",
                        "action": {
                            "type": "origins:execute_command",
                            "command": "particle dust 1 0.97 0 1 ~ ~ ~ 0.2 0.2 0.2 0 7 force @a"
                        }
                    },
                    {
                        "type": "origins:target_action",
                        "action": {
                            "type": "origins:execute_command",
                            "command": "particle minecraft:electric_spark ~ ~ ~ 0.2 0.2 0.2 0 4 normal @a"
                        }
                    },
                    {
                        "type": "origins:actor_action",
                        "action": {
                            "type": "origins:play_sound",
                            "sound": "minecraft:block.amethyst_block.resonate",
                            "volume": 2,
                            "pitch": 2
                        }
                    }
                ]
            }
        },
        "interval": 1
    }
}