{
    "hidden": true,
    "type": "origins:multiple",
    "charges": {
        "type": "origins:resource",
        "min": 0,
        "max": 4,
        "hud_render": {
            "should_render": false
        }
    },
    "prevent": {
        "type": "origins:prevent_item_use",
        "item_condition": {
            "type": "origins:ingredient",
            "ingredient": {
                "item": "minecraft:bow"
            }
        },
        "condition": {
            "type": "origins:resource",
            "resource": "ultra:wingedpocket_shotgun",
            "comparison": "==",
            "compare_to": 1
        }
    },
    "shoot": {
        "type": "origins:active_self",
        "key": {
            "key": "key.use",
            "continuous": false
        },
        "entity_action": {
            "type": "origins:and",
            "actions": [
                {
                    "type": "origins:execute_command",
                    "command": "clear @s minecraft:arrow 4"
                },
                {
                    "type": "origins:if_else_list",
                    "actions": [
                        {
                            "condition": {
                                "type": "origins:resource",
                                "resource": "*:*_charges",
                                "comparison": "==",
                                "compare_to": 0
                            },
                            "action": {
                                "type": "origins:fire_projectile",
                                "entity_type": "minecraft:arrow",
                                "divergence": 14.0,
                                "count": 6,
                                "speed": 0.7,
                                "tag": "{PierceLevel:3b,damage:5.0d,pickup:0b,Tags:[\"proj_parry\"]}"
                            }
                        },
                        {
                            "condition": {
                                "type": "origins:resource",
                                "resource": "*:*_charges",
                                "comparison": "==",
                                "compare_to": 1
                            },
                            "action": {
                                "type": "origins:fire_projectile",
                                "entity_type": "minecraft:arrow",
                                "divergence": 14.0,
                                "count": 6,
                                "speed": 0.8,
                                "tag": "{PierceLevel:3b,damage:9.5d,pickup:0b,Tags:[\"proj_parry\"]}"
                            }
                        },
                        {
                            "condition": {
                                "type": "origins:resource",
                                "resource": "*:*_charges",
                                "comparison": "==",
                                "compare_to": 2
                            },
                            "action": {
                                "type": "origins:fire_projectile",
                                "entity_type": "minecraft:arrow",
                                "divergence": 14.0,
                                "count": 6,
                                "speed": 0.9,
                                "tag": "{PierceLevel:3b,damage:10.5d,pickup:0b,Tags:[\"proj_parry\"]}"
                            }
                        },
                        {
                            "condition": {
                                "type": "origins:resource",
                                "resource": "*:*_charges",
                                "comparison": "==",
                                "compare_to": 3
                            },
                            "action": {
                                "type": "origins:fire_projectile",
                                "entity_type": "minecraft:arrow",
                                "divergence": 14.0,
                                "count": 6,
                                "speed": 1,
                                "tag": "{PierceLevel:3b,damage:14.5d,pickup:0b,Tags:[\"proj_parry\"]}"
                            }
                        },
                        {
                            "condition": {
                                "type": "origins:resource",
                                "resource": "*:*_charges",
                                "comparison": "==",
                                "compare_to": 4
                            },
                            "action": {
                                "type": "origins:and",
                                "actions": [
                                    {
                                        "type": "origins:explode",
                                        "power": 3,
                                        "destruction_type": "destroy",
                                        "damage_self": false,
                                        "create_fire": false
                                    },
                                    {
                                        "type": "origins:damage",
                                        "amount": 6,
                                        "damage_type": "minecraft:cactus"
                                    },
                                    {
                                        "type": "origins:add_velocity",
                                        "y": 2,
                                        "space": "world",
                                        "set": true
                                    }
                                ]
                            }
                        }
                    ]
                },
                {
                    "type": "origins:change_resource",
                    "resource": "*:*_charges",
                    "change": 0,
                    "operation": "set"
                }
            ]
        },
        "condition": {
            "type": "origins:and",
            "conditions": [
                {
                    "type": "origins:equipped_item",
                    "equipment_slot": "mainhand",
                    "item_condition": {
                        "type": "origins:ingredient",
                        "ingredient": {
                            "item": "minecraft:bow"
                        }
                    }
                },
                {
                    "type": "origins:inventory",
                    "process_mode": "items",
                    "item_condition": {
                        "type": "origins:ingredient",
                        "ingredient": {
                            "item": "minecraft:arrow"
                        }
                    },
                    "comparison": ">=",
                    "compare_to": 4
                },
                {
                    "type": "origins:resource",
                    "resource": "ultra:wingedpocket_shotgun",
                    "comparison": "==",
                    "compare_to": 1
                }
            ]
        },
        "cooldown": 10,
        "hud_render": {
            "should_render": false
        }
    },
    "charge": {
        "type": "origins:active_self",
        "key": {
            "key": "key.attack",
            "continuous": false
        },
        "entity_action": {
            "type": "origins:and",
            "actions": [
                {
                    "type": "origins:change_resource",
                    "resource": "*:*_charges",
                    "change": 1
                },
                {
                    "type": "origins:play_sound",
                    "sound": "minecraft:item.flintandsteel.use",
                    "volume": 1,
                    "pitch": 0.5
                },
                {
                    "type": "origins:if_else_list",
                    "actions": [
                        {
                            "condition": {
                                "type": "origins:resource",
                                "resource": "*:*_charges",
                                "comparison": "==",
                                "compare_to": 1
                            },
                            "action": {
                                "type": "origins:execute_command",
                                "command": "title @s actionbar {\"text\":\"☐\",\"color\":\"green\"}"
                            }
                        },
                        {
                            "condition": {
                                "type": "origins:resource",
                                "resource": "*:*_charges",
                                "comparison": "==",
                                "compare_to": 2
                            },
                            "action": {
                                "type": "origins:execute_command",
                                "command": "title @s actionbar {\"text\":\"☐☐\",\"color\":\"yellow\"}"
                            }
                        },
                        {
                            "condition": {
                                "type": "origins:resource",
                                "resource": "*:*_charges",
                                "comparison": "==",
                                "compare_to": 3
                            },
                            "action": {
                                "type": "origins:execute_command",
                                "command": "title @s actionbar {\"text\":\"☐☐☐\",\"color\":\"red\"}"
                            }
                        },
                        {
                            "condition": {
                                "type": "origins:resource",
                                "resource": "*:*_charges",
                                "comparison": "==",
                                "compare_to": 4
                            },
                            "action": {
                                "type": "origins:execute_command",
                                "command": "title @s actionbar {\"text\":\"☐☐☐☐\",\"color\":\"dark_red\"}"
                            }
                        }
                    ]
                }
            ]
        },
        "condition": {
            "type": "origins:and",
            "conditions": [
                {
                    "type": "origins:equipped_item",
                    "equipment_slot": "mainhand",
                    "item_condition": {
                        "type": "origins:ingredient",
                        "ingredient": {
                            "item": "minecraft:bow"
                        }
                    }
                },
                {
                    "type": "origins:inventory",
                    "process_mode": "items",
                    "item_condition": {
                        "type": "origins:ingredient",
                        "ingredient": {
                            "item": "minecraft:arrow"
                        }
                    },
                    "comparison": ">=",
                    "compare_to": 4
                },
                {
                    "type": "origins:resource",
                    "resource": "ultra:wingedpocket_shotgun",
                    "comparison": "==",
                    "compare_to": 1
                }
            ]
        },
        "cooldown": 20,
        "hud_render": {
            "should_render": false
        }
    },
    "chargesound": {
        "type": "origins:action_over_time",
        "entity_action": {
            "type": "origins:play_sound",
            "sound": "minecraft:block.note_block.bit",
            "volume": 1,
            "pitch": 2
        },
        "interval": 5,
        "condition": {
            "type": "origins:resource",
            "resource": "*:*_charges",
            "comparison": "==",
            "compare_to": 4
        }
    }
}