{
    "hidden": true,
    "condition": {
        "type": "origins:using_item",
        "item_condition": {
            "type": "origins:ingredient",
            "ingredient": {
                "item": "bow"
            }
        }
    },
    "type": "origins:action_over_time",
    "interval": 1,
    "falling_action": {
        "type": "origins:execute_command",
        "command": "tag @e[type=arrow,distance=..5,sort=nearest,limit=1,nbt={inGround:0b}] add proj_parry",
        "permission_level": 4
    }
}