{
    "name": "§2§nWallhop",
    "description": "When climbing a wall, press space to wall jump. You can wall jump up to 3 times.",
    "type": "origins:multiple",
    "dodge": {
        "type": "origins:modify_velocity",
        "modifier": {
            "value": -0.85,
            "operation": "multiply_total"
        },
        "axes": [
            "x",
            "z"
        ],
        "condition": {
            "type": "origins:and",
            "conditions": [
                {
                    "type": "origins:or",
                    "conditions": [
                        {
                            "type": "origins:block_collision",
                            "offset_x": 0.2,
                            "offset_y": 0,
                            "offset_z": 0
                        },
                        {
                            "type": "origins:block_collision",
                            "offset_x": 0,
                            "offset_y": 0,
                            "offset_z": 0.2
                        },
                        {
                            "type": "origins:block_collision",
                            "offset_x": -0.2,
                            "offset_y": 0,
                            "offset_z": 0
                        },
                        {
                            "type": "origins:block_collision",
                            "offset_x": 0,
                            "offset_y": 0,
                            "offset_z": -0.2
                        }
                    ]
                },
                {
                    "type": "origins:block_collision",
                    "offset_x": 0,
                    "offset_y": -0.01,
                    "offset_z": 0,
                    "inverted": true
                }
            ]
        }
    },
    "slide": {
        "type": "origins:modify_falling",
        "velocity": 0.001,
        "take_fall_damage": false,
        "condition": {
            "type": "origins:and",
            "conditions": [
                {
                    "type": "origins:or",
                    "conditions": [
                        {
                            "type": "origins:block_collision",
                            "offset_x": 0.2,
                            "offset_y": 0,
                            "offset_z": 0
                        },
                        {
                            "type": "origins:block_collision",
                            "offset_x": 0,
                            "offset_y": 0,
                            "offset_z": 0.2
                        },
                        {
                            "type": "origins:block_collision",
                            "offset_x": -0.2,
                            "offset_y": 0,
                            "offset_z": 0
                        },
                        {
                            "type": "origins:block_collision",
                            "offset_x": 0,
                            "offset_y": 0,
                            "offset_z": -0.2
                        }
                    ]
                },
                {
                    "type": "origins:block_collision",
                    "offset_x": 0,
                    "offset_y": -0.01,
                    "offset_z": 0,
                    "inverted": true
                }
            ]
        }
    },
    "wallclingsound": {
        "type": "origins:action_over_time",
        "entity_action": {
            "type": "origins:and",
            "actions": [
                {
                    "type": "origins:play_sound",
                    "sound": "minecraft:block.grindstone.use",
                    "volume": 0.2,
                    "pitch": 1.3
                }
            ]
        },
        "interval": 1,
        "condition": {
            "type": "origins:and",
            "conditions": [
                {
                    "type": "origins:or",
                    "conditions": [
                        {
                            "type": "origins:block_collision",
                            "offset_x": 0.2,
                            "offset_y": 0,
                            "offset_z": 0
                        },
                        {
                            "type": "origins:block_collision",
                            "offset_x": 0,
                            "offset_y": 0,
                            "offset_z": 0.2
                        },
                        {
                            "type": "origins:block_collision",
                            "offset_x": -0.2,
                            "offset_y": 0,
                            "offset_z": 0
                        },
                        {
                            "type": "origins:block_collision",
                            "offset_x": 0,
                            "offset_y": 0,
                            "offset_z": -0.2
                        }
                    ]
                },
                {
                    "type": "origins:block_collision",
                    "offset_x": 0,
                    "offset_y": -0.01,
                    "offset_z": 0,
                    "inverted": true
                }
            ]
        }
    },
    "push": {
        "type": "origins:active_self",
        "cooldown": 1,
        "key": {
            "key": "key.jump"
        },
        "entity_action": {
            "type": "origins:and",
            "actions": [
                {
                    "type": "origins:if_else_list",
                    "actions": [
                        {
                            "condition": {
                                "type": "origins:block_collision",
                                "offset_x": 0.2,
                                "offset_y": 0,
                                "offset_z": 0
                            },
                            "action": {
                                "type": "origins:add_velocity",
                                "x": -0.45,
                                "y": 0.65,
                                "set": true
                            }
                        },
                        {
                            "condition": {
                                "type": "origins:block_collision",
                                "offset_x": 0,
                                "offset_y": 0,
                                "offset_z": 0.2
                            },
                            "action": {
                                "type": "origins:add_velocity",
                                "z": -0.45,
                                "y": 0.65,
                                "set": true
                            }
                        },
                        {
                            "condition": {
                                "type": "origins:block_collision",
                                "offset_x": -0.2,
                                "offset_y": 0,
                                "offset_z": 0
                            },
                            "action": {
                                "type": "origins:add_velocity",
                                "x": 0.45,
                                "y": 0.65,
                                "set": true
                            }
                        },
                        {
                            "condition": {
                                "type": "origins:block_collision",
                                "offset_x": 0,
                                "offset_y": 0,
                                "offset_z": -0.2
                            },
                            "action": {
                                "type": "origins:add_velocity",
                                "z": 0.45,
                                "y": 0.65,
                                "set": true
                            }
                        }
                    ]
                },
                {
                    "type": "origins:change_resource",
                    "resource": "*:*_jumpsleft",
                    "change": -1
                }
            ]
        },
        "condition": {
            "type": "origins:and",
            "conditions": [
                {
                    "type": "origins:or",
                    "conditions": [
                        {
                            "type": "origins:block_collision",
                            "offset_x": 0.2,
                            "offset_y": 0,
                            "offset_z": 0
                        },
                        {
                            "type": "origins:block_collision",
                            "offset_x": 0,
                            "offset_y": 0,
                            "offset_z": 0.2
                        },
                        {
                            "type": "origins:block_collision",
                            "offset_x": -0.2,
                            "offset_y": 0,
                            "offset_z": 0
                        },
                        {
                            "type": "origins:block_collision",
                            "offset_x": 0,
                            "offset_y": 0,
                            "offset_z": -0.2
                        }
                    ]
                },
                {
                    "type": "origins:block_collision",
                    "offset_x": 0,
                    "offset_y": -0.01,
                    "offset_z": 0,
                    "inverted": true
                },
                {
                    "type": "origins:resource",
                    "resource": "*:*_jumpsleft",
                    "comparison": ">",
                    "compare_to": 0
                }
            ]
        }
    },
    "jumpsleft": {
        "type": "origins:resource",
        "min": 0,
        "max": 4,
        "start_value": 4,
        "hud_render": {
            "should_render": false
        }
    },
    "reset_hits": {
        "type": "origins:action_over_time",
        "entity_action": {
            "type": "origins:change_resource",
            "resource": "*:*_jumpsleft",
            "change": 3,
            "operation": "set"
        },
        "interval": 1,
        "condition": {
            "type": "origins:on_block"
        }
    }
}