{
    "hidden": true,
    "type": "origins:multiple",
    "whiplash2": {
        "type": "origins:active_self",
        "entity_action": {
            "type": "origins:and",
            "actions": [
                {
                    "type": "origins:raycast",
                    "distance": 16,
                    "block": false,
                    "entity": true,
                    "shape_type": "visual",
                    "fluid_handling": "none",
                    "bientity_condition": {
                        "type": "origins:target_condition",
                        "condition": {
                            "type": "origins:or",
                            "conditions": [
                                {
                                    "type": "origins:health",
                                    "comparison": ">=",
                                    "compare_to": 20
                                }
                            ]
                        }
                    },
                    "bientity_action": {
                        "type": "origins:target_action",
                        "action": {
                            "type": "origins:execute_command",
                            "command": "tag @s add whiplashed2"
                        }
                    },
                    "before_action": {
                        "type": "origins:execute_command",
                        "command": "execute at @s run playsound minecraft:item.trident.throw master @a[distance=..4] ~ ~ ~ 1 1.4"
                    },
                    "command_at_hit": "particle minecraft:poof",
                    "command_along_ray": "particle minecraft:smoke",
                    "command_step": 1,
                    "command_along_ray_only_on_hit": true
                }
            ]
        },
        "cooldown": 70,
        "hud_render": {
            "should_render": false,
            "sprite_location": "origins:textures/gui/community/spiderkolo/resource_bar_03.png",
            "bar_index": 16
        },
        "key": {
            "key": "key.origins.secondary_active",
            "continuous": false
        }
    },
    "pull2": {
        "type": "origins:action_over_time",
        "entity_action": {
            "type": "origins:area_of_effect",
            "radius": 16,
            "shape": "cube",
            "bientity_action": {
                "type": "origins:and",
                "actions": [
                    {
                        "type": "origins:if_else",
                        "condition": {
                            "type": "origins:distance",
                            "comparison": "<=",
                            "compare_to": 2
                        },
                        "if_action": {
                            "type": "origins:and",
                            "actions": [
                                {
                                    "type": "origins:target_action",
                                    "action": {
                                        "type": "origins:execute_command",
                                        "command": "tag @s remove whiplashed2"
                                    }
                                },
                                {
                                    "type": "origins:actor_action",
                                    "action": {
                                        "type": "origins:add_velocity",
                                        "x": 0,
                                        "y": 0,
                                        "z": 0,
                                        "set": true,
                                        "space": "local"
                                    }
                                }
                            ]
                        },
                        "else_action": {
                            "type": "origins:actor_action",
                            "action": {
                                "type": "origins:add_velocity",
                                "z": 1,
                                "space": "local"
                            }
                        }
                    }
                ]
            },
            "bientity_condition": {
                "type": "origins:and",
                "conditions": [
                    {
                        "type": "origins:target_condition",
                        "condition": {
                            "type": "origins:nbt",
                            "nbt": "{Tags:[\"whiplashed2\"]}"
                        }
                    }
                ]
            }
        },
        "interval": 1
    }
}