{
    "name": "§2§nWhiplash",
    "description": "Secondary throws a grappling hook that can do multiple things. If thrown towards a small enemy, it will drag the enemy towards you. If thrown towards a large enemy, it will pull you towards it at the cost of 1 full shank.",
    "type": "origins:multiple",
    "whiplash": {
        "type": "origins:active_self",
        "entity_action": {
            "type": "origins:and",
            "actions": [
                {
                    "type": "origins:raycast",
                    "distance": 16,
                    "block": true,
                    "entity": true,
                    "shape_type": "visual",
                    "fluid_handling": "none",
                    "bientity_condition": {
                        "type": "origins:target_condition",
                        "condition": {
                            "type": "origins:or",
                            "conditions": [
                                {
                                    "type": "origins:health",
                                    "comparison": "<",
                                    "compare_to": 20
                                }
                            ]
                        }
                    },
                    "bientity_action": {
                        "type": "origins:target_action",
                        "action": {
                            "type": "origins:execute_command",
                            "command": "tag @s add whiplashed"
                        }
                    },
                    "command_at_hit": "particle minecraft:poof",
                    "command_along_ray": "particle minecraft:smoke",
                    "command_step": 1,
                    "command_along_ray_only_on_hit": true
                }
            ]
        },
        "cooldown": 70,
        "hud_render": {
            "should_render": true,
            "sprite_location": "origins:textures/gui/community/huang/resource_bar_01.png",
            "bar_index": 3
        },
        "key": {
            "key": "key.origins.secondary_active",
            "continuous": false
        }
    },
    "pull": {
        "type": "origins:action_over_time",
        "entity_action": {
            "type": "origins:area_of_effect",
            "radius": 16,
            "shape": "cube",
            "bientity_action": {
                "type": "origins:and",
                "actions": [
                    {
                        "type": "origins:if_else",
                        "condition": {
                            "type": "origins:distance",
                            "comparison": "<=",
                            "compare_to": 2
                        },
                        "if_action": {
                            "type": "origins:and",
                            "actions": [
                                {
                                    "type": "origins:target_action",
                                    "action": {
                                        "type": "origins:execute_command",
                                        "command": "tag @s remove whiplashed"
                                    }
                                },
                                {
                                    "type": "origins:add_velocity",
                                    "x": 0,
                                    "y": 0,
                                    "z": 0,
                                    "set": true,
                                    "space": "local"
                                }
                            ]
                        },
                        "else_action": {
                            "type": "origins:add_velocity",
                            "z": -0.5,
                            "space": "local"
                        }
                    }
                ]
            },
            "bientity_condition": {
                "type": "origins:and",
                "conditions": [
                    {
                        "type": "origins:target_condition",
                        "condition": {
                            "type": "origins:nbt",
                            "nbt": "{Tags:[\"whiplashed\"]}"
                        }
                    }
                ]
            }
        },
        "interval": 1
    }
}