{
    "type": "origins:multiple",
    "name": "§e§nWinged Pocket",
    "description": "You have wings on your back to carry and use upgrades to your robotic body. These wings take up the back, though, and as such you cannot use elytra. Certain items can be placed in your wing pocket to increase your effectiveness. These items include:               Iron Block - Slightly increases damage and knockback of Knuckleblaster          Gold Block - Increases damage and knockback of Knuckleblaster moderately         Diamond Block - Significantly increases damage and knockback of Knuckleblaster             Netherite Ingot - Drastically increases damage and knockback of Knuckleblaster           Nether Star - Turns the bow into a pump charge shotgun that can be charged with left click     End Crystal - Increases stamina regeneration Recovery Compass - Gives chance to drop golden nuggets or arrows on hit of an enemy                Dragon's Breath - More blood on hit of an enemy Enchanted Pigstep Music Disc (obtained by right clicking a Pigstep disc with an amethyst cluster) - Turns the crossbow into a rapid fire, half heart damage, low range automatic rifle with a long cooldown. This cannot use fireworks. Knuckleblaster upgrades do not stack. If you have multiple of them inside Wingedpocket, none of them will take effect.",
    "inventory": {
        "type": "origins:inventory",
        "container_type": "hopper",
        "title": "Winged Pocket",
        "drop_on_death": false,
        "key": {
            "key": "key.loadToolbarActivator"
        }
    },
    "check1": {
        "type": "origins:action_over_time",
        "entity_action": {
            "type": "origins:and",
            "actions": [
                {
                    "type": "origins:if_else",
                    "condition": {
                        "type": "origins:and",
                        "conditions": [
                            {
                                "type": "origins:inventory",
                                "inventory_types": [
                                    "power"
                                ],
                                "process_mode": "items",
                                "power": "*:*_inventory",
                                "item_condition": {
                                    "type": "origins:ingredient",
                                    "ingredient": {
                                        "item": "minecraft:nether_star"
                                    }
                                }
                            },
                            {
                                "type": "origins:inventory",
                                "inventory_types": [
                                    "power"
                                ],
                                "process_mode": "items",
                                "power": "*:*_inventory",
                                "comparison": "<",
                                "compare_to": 4
                            }
                        ]
                    },
                    "if_action": {
                        "type": "origins:change_resource",
                        "resource": "*:*_shotgun",
                        "change": 1,
                        "operation": "set"
                    },
                    "else_action": {
                        "type": "origins:change_resource",
                        "resource": "*:*_shotgun",
                        "change": 0,
                        "operation": "set"
                    }
                }
            ]
        },
        "interval": 20
    },
    "shotgun": {
        "type": "origins:resource",
        "min": 0,
        "max": 1,
        "hud_render": {
            "should_render": false
        }
    },
    "check2": {
        "type": "origins:action_over_time",
        "entity_action": {
            "type": "origins:and",
            "actions": [
                {
                    "type": "origins:if_else",
                    "condition": {
                        "type": "origins:and",
                        "conditions": [
                            {
                                "type": "origins:inventory",
                                "inventory_types": [
                                    "power"
                                ],
                                "process_mode": "items",
                                "power": "*:*_inventory",
                                "item_condition": {
                                    "type": "origins:ingredient",
                                    "ingredient": {
                                        "item": "minecraft:recovery_compass"
                                    }
                                }
                            },
                            {
                                "type": "origins:inventory",
                                "inventory_types": [
                                    "power"
                                ],
                                "process_mode": "items",
                                "power": "*:*_inventory",
                                "comparison": "<",
                                "compare_to": 4
                            }
                        ]
                    },
                    "if_action": {
                        "type": "origins:change_resource",
                        "resource": "*:*_compass",
                        "change": 1,
                        "operation": "set"
                    },
                    "else_action": {
                        "type": "origins:change_resource",
                        "resource": "*:*_compass",
                        "change": 0,
                        "operation": "set"
                    }
                }
            ]
        },
        "interval": 20
    },
    "check12": {
        "type": "origins:action_over_time",
        "entity_action": {
            "type": "origins:and",
            "actions": [
                {
                    "type": "origins:if_else",
                    "condition": {
                        "type": "origins:and",
                        "conditions": [
                            {
                                "type": "origins:inventory",
                                "inventory_types": [
                                    "power"
                                ],
                                "process_mode": "items",
                                "power": "*:*_inventory",
                                "item_condition": {
                                    "type": "origins:ingredient",
                                    "ingredient": {
                                        "item": "minecraft:dragon_breath"
                                    }
                                }
                            },
                            {
                                "type": "origins:inventory",
                                "inventory_types": [
                                    "power"
                                ],
                                "process_mode": "items",
                                "power": "*:*_inventory",
                                "comparison": "<",
                                "compare_to": 4
                            }
                        ]
                    },
                    "if_action": {
                        "type": "origins:change_resource",
                        "resource": "*:*_dragonbreath",
                        "change": 1,
                        "operation": "set"
                    },
                    "else_action": {
                        "type": "origins:change_resource",
                        "resource": "*:*_dragonbreath",
                        "change": 0,
                        "operation": "set"
                    }
                }
            ]
        },
        "interval": 20
    },
    "compass": {
        "type": "origins:resource",
        "min": 0,
        "max": 1,
        "hud_render": {
            "should_render": false
        }
    },
    "dragonbreath": {
        "type": "origins:resource",
        "min": 0,
        "max": 1,
        "hud_render": {
            "should_render": false
        }
    },
    "check3": {
        "type": "origins:self_action_on_hit",
        "entity_action": {
            "type": "origins:and",
            "actions": [
                {
                    "type": "origins:chance",
                    "action": {
                        "type": "origins:give",
                        "stack": {
                          "item": "minecraft:arrow",
                          "amount": 2
                        }
                    },
                    "chance": 0.2
                },
                {
                    "type": "origins:chance",
                    "action": {
                        "type": "origins:give",
                        "stack": {
                          "item": "minecraft:gold_nugget",
                          "amount": 2
                        }
                    },
                    "chance": 0.15
                }
            ]
        },
        "condition": {
            "type": "origins:resource",
            "resource": "*:*_compass",
            "comparison": "==",
            "compare_to": 1
        }
    },
    "check4": {
        "type": "origins:action_over_time",
        "entity_action": {
            "type": "origins:and",
            "actions": [
                {
                    "type": "origins:if_else",
                    "condition": {
                        "type": "origins:and",
                        "conditions": [
                            {
                                "type": "origins:inventory",
                                "inventory_types": [
                                    "power"
                                ],
                                "process_mode": "items",
                                "power": "*:*_inventory",
                                "item_condition": {
                                    "type": "origins:ingredient",
                                    "ingredient": {
                                        "item": "minecraft:end_crystal"
                                    }
                                }
                            },
                            {
                                "type": "origins:inventory",
                                "inventory_types": [
                                    "power"
                                ],
                                "process_mode": "items",
                                "power": "*:*_inventory",
                                "comparison": "<",
                                "compare_to": 4
                            }
                        ]
                    },
                    "if_action": {
                        "type": "origins:change_resource",
                        "resource": "*:*_crystal",
                        "change": 1,
                        "operation": "set"
                    },
                    "else_action": {
                        "type": "origins:change_resource",
                        "resource": "*:*_crystal",
                        "change": 0,
                        "operation": "set"
                    }
                }
            ]
        },
        "interval": 20
    },
    "crystal": {
        "type": "origins:resource",
        "min": 0,
        "max": 1,
        "hud_render": {
            "should_render": false
        }
    },
    "check5": {
        "type": "origins:action_over_time",
        "entity_action": {
            "type": "origins:and",
            "actions": [
                {
                    "type": "origins:change_resource",
                    "resource": "ultra:stamina",
                    "change": 20
                }
            ]
        },
        "interval": 30,
        "condition": {
            "type": "origins:resource",
            "resource": "*:*_crystal",
            "comparison": "==",
            "compare_to": 1
        }
    },
    "upgrade1": {
        "type": "origins:resource",
        "min": 0,
        "max": 1,
        "hud_render": {
            "should_render": false
        }
    },
    "upgrade2": {
        "type": "origins:resource",
        "min": 0,
        "max": 1,
        "hud_render": {
            "should_render": false
        }
    },
    "upgrade3": {
        "type": "origins:resource",
        "min": 0,
        "max": 1,
        "hud_render": {
            "should_render": false
        }
    },
    "upgrade4": {
        "type": "origins:resource",
        "min": 0,
        "max": 1,
        "hud_render": {
            "should_render": false
        }
    },
    "check8": {
        "type": "origins:action_over_time",
        "entity_action": {
            "type": "origins:and",
            "actions": [
                {
                    "type": "origins:if_else",
                    "condition": {
                        "type": "origins:and",
                        "conditions": [
                            {
                                "type": "origins:inventory",
                                "inventory_types": [
                                    "power"
                                ],
                                "process_mode": "items",
                                "power": "*:*_inventory",
                                "item_condition": {
                                    "type": "origins:ingredient",
                                    "ingredient": {
                                        "item": "minecraft:iron_block"
                                    }
                                }
                            },
                            {
                                "type": "origins:inventory",
                                "inventory_types": [
                                    "power"
                                ],
                                "process_mode": "items",
                                "power": "*:*_inventory",
                                "comparison": "<",
                                "compare_to": 4
                            }
                        ]
                    },
                    "if_action": {
                        "type": "origins:change_resource",
                        "resource": "*:*_upgrade1",
                        "change": 1,
                        "operation": "set"
                    },
                    "else_action": {
                        "type": "origins:change_resource",
                        "resource": "*:*_upgrade1",
                        "change": 0,
                        "operation": "set"
                    }
                }
            ]
        },
        "interval": 20
    },
    "check9": {
        "type": "origins:action_over_time",
        "entity_action": {
            "type": "origins:and",
            "actions": [
                {
                    "type": "origins:if_else",
                    "condition": {
                        "type": "origins:and",
                        "conditions": [
                            {
                                "type": "origins:inventory",
                                "inventory_types": [
                                    "power"
                                ],
                                "process_mode": "items",
                                "power": "*:*_inventory",
                                "item_condition": {
                                    "type": "origins:ingredient",
                                    "ingredient": {
                                        "item": "minecraft:gold_block"
                                    }
                                }
                            },
                            {
                                "type": "origins:inventory",
                                "inventory_types": [
                                    "power"
                                ],
                                "process_mode": "items",
                                "power": "*:*_inventory",
                                "comparison": "<",
                                "compare_to": 4
                            }
                        ]
                    },
                    "if_action": {
                        "type": "origins:change_resource",
                        "resource": "*:*_upgrade2",
                        "change": 1,
                        "operation": "set"
                    },
                    "else_action": {
                        "type": "origins:change_resource",
                        "resource": "*:*_upgrade2",
                        "change": 0,
                        "operation": "set"
                    }
                }
            ]
        },
        "interval": 20
    },
    "check10": {
        "type": "origins:action_over_time",
        "entity_action": {
            "type": "origins:and",
            "actions": [
                {
                    "type": "origins:if_else",
                    "condition": {
                        "type": "origins:and",
                        "conditions": [
                            {
                                "type": "origins:inventory",
                                "inventory_types": [
                                    "power"
                                ],
                                "process_mode": "items",
                                "power": "*:*_inventory",
                                "item_condition": {
                                    "type": "origins:ingredient",
                                    "ingredient": {
                                        "item": "minecraft:diamond_block"
                                    }
                                }
                            },
                            {
                                "type": "origins:inventory",
                                "inventory_types": [
                                    "power"
                                ],
                                "process_mode": "items",
                                "power": "*:*_inventory",
                                "comparison": "<",
                                "compare_to": 4
                            }
                        ]
                    },
                    "if_action": {
                        "type": "origins:change_resource",
                        "resource": "*:*_upgrade3",
                        "change": 1,
                        "operation": "set"
                    },
                    "else_action": {
                        "type": "origins:change_resource",
                        "resource": "*:*_upgrade3",
                        "change": 0,
                        "operation": "set"
                    }
                }
            ]
        },
        "interval": 20
    },
    "check11": {
        "type": "origins:action_over_time",
        "entity_action": {
            "type": "origins:and",
            "actions": [
                {
                    "type": "origins:if_else",
                    "condition": {
                        "type": "origins:and",
                        "conditions": [
                            {
                                "type": "origins:inventory",
                                "inventory_types": [
                                    "power"
                                ],
                                "process_mode": "items",
                                "power": "*:*_inventory",
                                "item_condition": {
                                    "type": "origins:ingredient",
                                    "ingredient": {
                                        "item": "minecraft:netherite_ingot"
                                    }
                                }
                            },
                            {
                                "type": "origins:inventory",
                                "inventory_types": [
                                    "power"
                                ],
                                "process_mode": "items",
                                "power": "*:*_inventory",
                                "comparison": "<",
                                "compare_to": 4
                            }
                        ]
                    },
                    "if_action": {
                        "type": "origins:change_resource",
                        "resource": "*:*_upgrade4",
                        "change": 1,
                        "operation": "set"
                    },
                    "else_action": {
                        "type": "origins:change_resource",
                        "resource": "*:*_upgrade4",
                        "change": 0,
                        "operation": "set"
                    }
                }
            ]
        },
        "interval": 20
    },
    "nailgun": {
        "type": "origins:resource",
        "min": 0,
        "max": 1,
        "hud_render": {
            "should_render": false
        }
    },
    "check7": {
        "type": "origins:action_over_time",
        "entity_action": {
            "type": "origins:and",
            "actions": [
                {
                    "type": "origins:if_else",
                    "condition": {
                        "type": "origins:and",
                        "conditions": [
                            {
                                "type": "origins:inventory",
                                "inventory_types": [
                                    "power"
                                ],
                                "process_mode": "items",
                                "power": "*:*_inventory",
                                "item_condition": {
                                    "type": "origins:and",
                                    "conditions": [
                                        {
                                            "type": "origins:ingredient",
                                            "ingredient": {
                                                "item": "minecraft:music_disc_pigstep"
                                            }
                                        },
                                        {
                                            "type": "origins:nbt",
                                            "nbt": "{Enchantments:[{id:protection,lvl:10}]}"
                                        }
                                    ]
                                }
                            },
                            {
                                "type": "origins:inventory",
                                "inventory_types": [
                                    "power"
                                ],
                                "process_mode": "items",
                                "power": "*:*_inventory",
                                "comparison": "<",
                                "compare_to": 4
                            }
                        ]
                    },
                    "if_action": {
                        "type": "origins:change_resource",
                        "resource": "*:*_nailgun",
                        "change": 1,
                        "operation": "set"
                    },
                    "else_action": {
                        "type": "origins:change_resource",
                        "resource": "*:*_nailgun",
                        "change": 0,
                        "operation": "set"
                    }
                }
            ]
        },
        "interval": 20
    },
    "craft": {
        "type": "origins:item_on_item",
        "using_item_condition": {
            "type": "origins:ingredient",
            "ingredient": {
                "item": "minecraft:amethyst_cluster"
            }
        },
        "on_item_condition": {
            "type": "origins:ingredient",
            "ingredient": {
                "item": "minecraft:music_disc_pigstep"
            }
        },
        "result": {
            "item": "minecraft:music_disc_pigstep",
            "tag": "{Enchantments:[{id:protection,lvl:10}]}",
            "amount": 1
        },
        "using_item_action": {
            "type": "origins:consume",
            "amount": 1
        },
        "on_item_action": {
            "type": "origins:consume",
            "amount": 1
        },
        "entity_action": {
            "type": "origins:play_sound",
            "sound": "minecraft:block.anvil.use",
            "volume": 1,
            "pitch": 1.5
        }
    },
    "overload": {
        "type": "origins:action_over_time",
        "entity_action": {
            "type": "origins:execute_command",
            "command": "tellraw @s \"ERROR: WINGED POCKET OVERLOAD, [MAX_ITEM_COUNT]: 3\""
        },
        "interval": 80,
        "condition": {
            "type": "origins:inventory",
            "inventory_types": [
                "power"
            ],
            "process_mode": "items",
            "power": "*:*_inventory",
            "comparison": ">",
            "compare_to": 3
        }
    }
}