{"block.sculk_shrieker.break":{"sounds":[{"name":"block\/sculk_shrieker\/break1","volume":0.045},{"name":"block\/sculk_shrieker\/break2","volume":0.045},{"name":"block\/sculk_shrieker\/break3","volume":0.045},{"name":"block\/sculk_shrieker\/break4","volume":0.045},{"name":"block\/sculk_shrieker\/break5","volume":0.045},{"name":"block\/sculk_shrieker\/break6","volume":0.045}],"replace":true,"subtitle":"subtitles.block.generic.break"},"block.sculk_shrieker.fall":{"sounds":[{"name":"block\/sculk\/step1","volume":0.05},{"name":"block\/sculk\/step2","volume":0.05},{"name":"block\/sculk\/step3","volume":0.05},{"name":"block\/sculk\/step4","volume":0.05},{"name":"block\/sculk\/step5","volume":0.05},{"name":"block\/sculk\/step6","volume":0.05}],"replace":true},"block.sculk_shrieker.hit":{"sounds":[{"name":"block\/sculk\/step1","volume":0.05},{"name":"block\/sculk\/step2","volume":0.05},{"name":"block\/sculk\/step3","volume":0.05},{"name":"block\/sculk\/step4","volume":0.05},{"name":"block\/sculk\/step5","volume":0.05},{"name":"block\/sculk\/step6","volume":0.05}],"replace":true,"subtitle":"subtitles.block.generic.hit"},"block.sculk_shrieker.place":{"sounds":[{"name":"block\/sculk_shrieker\/place1","volume":0.045},{"name":"block\/sculk_shrieker\/place2","volume":0.045},{"name":"block\/sculk_shrieker\/place3","volume":0.045},{"name":"block\/sculk_shrieker\/place4","volume":0.045},{"name":"block\/sculk_shrieker\/place5","volume":0.045}],"replace":true,"subtitle":"subtitles.block.generic.place"},"block.sculk_shrieker.shriek":{"sounds":[{"name":"block\/sculk_shrieker\/shriek1","volume":0.0425},{"name":"block\/sculk_shrieker\/shriek2","volume":0.0425},{"name":"block\/sculk_shrieker\/shriek3","volume":0.0425},{"name":"block\/sculk_shrieker\/shriek4","volume":0.0425},{"name":"block\/sculk_shrieker\/shriek5","volume":0.0425}],"replace":true,"subtitle":"subtitles.block.sculk_shrieker.shriek"},"block.sculk_shrieker.step":{"sounds":[{"name":"block\/sculk\/step1","volume":0.05},{"name":"block\/sculk\/step2","volume":0.05},{"name":"block\/sculk\/step3","volume":0.05},{"name":"block\/sculk\/step4","volume":0.05},{"name":"block\/sculk\/step5","volume":0.05},{"name":"block\/sculk\/step6","volume":0.05}],"replace":true,"subtitle":"subtitles.block.generic.footsteps"},"block.sculk_sensor.break":{"sounds":[{"name":"block\/sculk_sensor\/break1","pitch":1.2,"volume":0.045},{"name":"block\/sculk_sensor\/break2","pitch":1.2,"volume":0.045},{"name":"block\/sculk_sensor\/break3","pitch":1.2,"volume":0.045},{"name":"block\/sculk_sensor\/break4","pitch":1.2,"volume":0.045},{"name":"block\/sculk_sensor\/break5","pitch":1.2,"volume":0.045}],"replace":true,"subtitle":"subtitles.block.generic.break"},"block.sculk_sensor.clicking":{"sounds":[{"name":"block\/sculk_sensor\/sculk_clicking1","volume":0.0365},{"name":"block\/sculk_sensor\/sculk_clicking2","volume":0.0365},{"name":"block\/sculk_sensor\/sculk_clicking3","volume":0.0365},{"name":"block\/sculk_sensor\/sculk_clicking4","volume":0.0365},{"name":"block\/sculk_sensor\/sculk_clicking5","volume":0.0365},{"name":"block\/sculk_sensor\/sculk_clicking6","volume":0.0365}],"replace":true,"subtitle":"subtitles.block.sculk_sensor.clicking"},"block.sculk_sensor.clicking_stop":{"sounds":[{"name":"block\/sculk_sensor\/sculk_clicking_stop1","volume":0.031},{"name":"block\/sculk_sensor\/sculk_clicking_stop2","volume":0.031},{"name":"block\/sculk_sensor\/sculk_clicking_stop3","volume":0.031},{"name":"block\/sculk_sensor\/sculk_clicking_stop4","volume":0.031},{"name":"block\/sculk_sensor\/sculk_clicking_stop5","volume":0.031}],"replace":true,"subtitle":"subtitles.block.sculk_sensor.clicking_stop"},"block.sculk_sensor.fall":{"sounds":[{"name":"block\/sculk\/step1","volume":0.05},{"name":"block\/sculk\/step2","volume":0.05},{"name":"block\/sculk\/step3","volume":0.05},{"name":"block\/sculk\/step4","volume":0.05},{"name":"block\/sculk\/step5","volume":0.05},{"name":"block\/sculk\/step6","volume":0.05}],"replace":true},"block.sculk_sensor.hit":{"sounds":[{"name":"block\/sculk\/step1","volume":0.05},{"name":"block\/sculk\/step2","volume":0.05},{"name":"block\/sculk\/step3","volume":0.05},{"name":"block\/sculk\/step4","volume":0.05},{"name":"block\/sculk\/step5","volume":0.05},{"name":"block\/sculk\/step6","volume":0.05}],"replace":true,"subtitle":"subtitles.block.generic.hit"},"block.sculk_sensor.place":{"sounds":[{"name":"block\/sculk_sensor\/place1","pitch":1.2,"volume":0.04},{"name":"block\/sculk_sensor\/place2","pitch":1.2,"volume":0.04},{"name":"block\/sculk_sensor\/place3","pitch":1.2,"volume":0.04},{"name":"block\/sculk_sensor\/place4","pitch":1.2,"volume":0.04},{"name":"block\/sculk_sensor\/place5","pitch":1.2,"volume":0.04}],"replace":true,"subtitle":"subtitles.block.generic.place"},"block.sculk_sensor.step":{"sounds":[{"name":"block\/sculk\/step1","volume":0.05},{"name":"block\/sculk\/step2","volume":0.05},{"name":"block\/sculk\/step3","volume":0.05},{"name":"block\/sculk\/step4","volume":0.05},{"name":"block\/sculk\/step5","volume":0.05},{"name":"block\/sculk\/step6","volume":0.05}],"replace":true,"subtitle":"subtitles.block.generic.footsteps"}}